<?xml version="1.0" encoding="UTF-8" ?>
<!DOCTYPE mapper
  PUBLIC "-//mybatis.org//DTD Mapper 3.0//EN"
  "https://mybatis.org/dtd/mybatis-3-mapper.dtd">
  
<mapper namespace="org.zerock.mapper.BoardMapper">

  <select id="read" resultType="org.zerock.domain.BoardVO">
    select * from tbl_board where bno = #{bno}
  </select>
  
  <select id="getList" resultType="org.zerock.domain.BoardVO">
   <!-- 인덱스 통해서 조회(검색속도 향상) / 오름차순 정렬 -->
   <!-- select * from tbl_board where bno > 0 -->
   select * from tbl_board where bno > 0 order by bno asc
  </select>
  
  <insert id="insert">
  	insert into tbl_board (bno, title, content, writer) 
  	values (seq_board.nextval, #{title}, #{content}, #{writer})
  </insert>
  
  <insert id="insertSelectKey">

  	<selectKey keyProperty="bno" order="BEFORE" resultType="long">
  		select seq_board.nextval from dual
  	</selectKey>
  	
  	insert into tbl_board (bno, title, content, writer) 
  	values (#{bno}, #{title}, #{content}, #{writer})
  </insert>
  
  <delete id="delete">
  	delete from tbl_board where bno = #{bno}
  </delete>
  
  <update id="update">
  	update tbl_board 
  	set title = #{title}, 
  	content = #{content}, 
  	writer = #{writer}, 
  	updateDate = sysdate 
  	where bno = #{bno}
  </update>
  
  <!-- 검색조건을 함수화 시킴(getListWithPaging, getTotalCount에서 사용) -->
  <sql id="criteria"> 
	<trim suffix="and">  	                                                 
	  	<foreach collection="typeArr" item="type" separator="or" open="(" close=")">
	  		<if test="type=='T'.toString()">
	  			title like '%'||#{keyword}||'%'
	  		</if>
	  		<if test="type=='C'.toString()">
	  			content like '%'||#{keyword}||'%'
	  		</if>
	  		<if test="type=='W'.toString()">
	  			writer like '%'||#{keyword}||'%'
	  		</if>
	  	</foreach>
 	</trim>
  </sql>
  
  <select id="getListWithPaging" resultType="org.zerock.domain.BoardVO">
  	<![CDATA[
  	select bno, title, content, writer, regdate, updatedate
  	from(
  		select /*+ index_desc(tbl_board pk_board) */
  		rownum rn, bno, title, content, writer, regdate, updatedate
  		from tbl_board
  		where 
  	]]>	
  	    
  	<include refid="criteria"></include>    
  	    
  	<![CDATA[	
  		rownum <= #{pageNum} * #{amount}
  	)
  	where rn > (#{pageNum}-1) * #{amount}
	]]>	
  </select>
  
  <select id="getTotalCount" resultType="int">
  	select count(*) from tbl_board 
  	where 
  	
  	<include refid="criteria"></include>  
  	
  	bno > 0
  </select>
  
  <!-- 테스트 -->
  <select id="searchTest" resultType="org.zerock.domain.BoardVO">
   <![CDATA[
  	select * from tbl_board 
  	where 
  	]]>
  	<trim suffix="and">
  	                                                  <!-- or 연산이 먼저 처리되게 하기 위해 괄호()를 open, close로 묶어준다 -->
  	                                                  <!-- 아래 구문 중 하나라도 충족시 작동() -->  	                                                
	  	<foreach collection="map" index="key" item="val" separator="or" open="(" close=")">
	  		<if test="key=='T'.toString()">
	  			title like #{val}
	  		</if>
	  		<if test="key=='C'.toString()">
	  			content like #{val}
	  		</if>
	  		<if test="key=='W'.toString()">
	  			writer like #{val}
	  		</if>
	  	</foreach>
  	</trim>
  	<!-- and연산 : 검색된 내용 화면상에 9개만 보이기 -->
  	<![CDATA[
  		rownum < 10  
  	]]>
  </select>
  
</mapper>